username,password
nicole,3abd72ec6352d6085d85e34f0478dca7d14ef8048f3c1986e28106d654713946
michael,5480f08f35968440ebe8135a8bf9e58c8c944bf4e3ba0f45acb141e474bd0c9c
teli,45569da57f4b7bf472d7a864ef4781451cae6383fee9fb0ae40c59aa1ce475b7
mike,64b4d0f47c93ce23d157e68a58767356283dc9b63c459d45d0e0e39b3a64b9b9
abc,cb8379ac2098aa165029e3938a51da0bcecfc008fd6795f401178647f96c5b34
tik,1a7674eb4ee78df7e1ac439a93c3fa8e3c945784d4dec9fd8e3011738b2f1d62
1,d4735e3a265e16eee03f59718b9b5d03019c07d8b6c51f90da3a666eec13ab35
2,4e07408562bedb8b60ce05c1decfe3ad16b72230967de01f640b7e4729b49fce
5,e7f6c011776e8db7cd330b54174fd76f7d0216b612387a5ffcfb81e6f0919683
0,6b86b273ff34fce19d6b804eff5a3f5747ada4eaa22f1d49c01e52ddb7875b4b
L,72dfcfb0c470ac255cde83fb8fe38de8a128188e03ea5ba5b2a93adbea1062fa
O,c4694f2e93d5c4e7d51f9c5deb75e6cc8be5e1114178c6a45b6fc2c566a0aa8c
D,3f39d5c348e5b79d06e842c114e6cc571583bbf44e4b0ebfda1a01ec05745d43
